8712289;924342;904689;9012568;91805;8711561;862980;898143;864729;915940;90769602;88995002;88995002;88995002;907367;852552;852552;852552;852552;852552;905190;908489;911296201;859575;849014;902727;859983;911320501;905190;855167;865137;85713702;8910996;877989;923465;911296201;91227;886776;87556202;891703;913063;861853;845636;8813129;85715;904969;9047;896864;912193;8610175;913102;903811;907367;90401601;884948;9110127;84300903;9110127;883539;853401;907409;861597;902976;857438;888264;858981;86973702;903811;884437;88143502;864685;895299;8912055;881972;87163
855167;905501;916221;859575;906616;907915;8910720;921092;918192;911202;907914;88995002;88995002;88995002;907409;906878;852552;852552;852552;905501;901549;901041;9010258;908469;842517;904971;917080;88518501;865423;89143602;869254;8711216;88725602;874858;88143502;9110720;893061;905501;862980;892604;857343;8810158;914862;898690;883270;871001502;88518501;8810987;86973701;859464;8912521;884689;908469;8712766;854268;8912521;846226;87880;901041;9010258;87556202;89869;8670;884626;898678;927241;9112367;909220;892214;888264;8511133;8611555;852973;911391;8812877
9110732;8910720;9113455;915664;864033;913535;909231;905978;907145;908445;906564;90745;88995002;88995002;906616;90602302;906290;906539;905502;90312;9010598;88119002;88119002;9010259;909445;915460;91813701;86208;917092;8811842;9113816;9113239;862548;8712289;877486;922577;8510426;892604;869218;88147102;911296202;88995002;89122;846381;901549;859471;864729;871001501;914101;905686;8915;893526;90769601;8711803;906290;923169;857793;89382602;911673;8860702;905557;8711003;897137;904689;894618;88147202;859711;855133;871641;913535;87164;85638502;864292;84458202;908194
8810436;8911163;89812;914333;859487;909411;904647;90602302;90602302;904969;90524101;905680;905520;905557;905189;903516;903507;903811;90317302;9010877;88119002;88119002;88119002;88119002;901028;893061;8912280;89382602;912193;852781;86561;918465;891923;905978;894326;84799002;883263;911366;9113514;871001502;857438;853201;89827;8910499;9112594;875938;9112712;89511502;8610404;9013594;88119002;88725602;86517;914769;9013579;898677;8670;855625;8812844;873592;873593;915186;899667;884437;893988;892189;842517;859283;894089;869931;89122;8812818;869691;89511502;855138
921386;909777;8911163;853612;914769;904971;90602302;90602302;90602302;90439701;903554;902975;9013838;90291;902727;901836;90250;90251;9013594;9010872;88119002;88119002;899987;898431;89344;851509;851509;851509;894618;915276;857637;8811523;893061;913102;8610404;899187;8510824;859196;9010333;918192;915460;9113455;88299702;84610002;8711216;926954;8912280;891716;907914;906878;88203002;859711;911296201;842302;844981;8711002;90745;9112366;924964;904647;901288;921092;889719;89263202;878796;8912909;871642;91485;9113846;908489;905978;88249602;8711803;9011494;886226
91930402;906539;854253;91550;911654;904302;90602302;90602302;904689;90401601;901034301;842302;842302;842302;901034302;9013579;9011971;9011971;9011971;9011495;89869;8953902;89511502;894326;891716;851509;851509;851509;89122;911296202;914062;912519;915691;91858;896839;85759902;858981;8712853;8910251;869104;901011;862009;875093;897604;873357;86973701;8612080;913505;8810703;862485;905680;911201;925292;8953902;8612399;8712729;884448;8810528;88147101;881861;894090;875263;86408;924632;909410;89382602;9111843;926125;864033;8911230;852631;9010872;867739;9112367;909411
857010;914102;911157302;905686;9047;903011;904357;90401602;903483;902976;9010018;842302;842302;842302;901011;9013005;9011971;9011971;9011971;901088;895100;849014;849014;849014;892214;8915;851509;851509;8911834;894089;8911164;8910721;875093;9113455;91813702;91762702;90944601;894090;901303;911673;8910721;874839;902975;90401602;863270;89864002;86355;84348301;903483;886776;8910506;8812816;868202;893783;894047;861103;89263202;923748;879804;904357;84501001;864726;909411;87127;854039;9111805;865423;909231;85713702;9011495;901836;8910748;881094802;894047;921362
916838;908916;897880;853612;897604;898143;9010333;898690;89742801;89813;898678;842302;842302;899147;899187;9012315;9011971;9011971;901288;89812;89382601;849014;849014;849014;893783;8912049;8911800;8911163;88649001;884948;911296202;911296202;911296202;8910506;908194;8913;869931;89812;8711002;892399;922576;86135502;926682;9010259;857373;879830;884948;857392;90524101;914580;916838;857793;9113538;89346;855625;906024;866714;872113;8610175;891703;907409;883852;917897;873357;926424;891936;877501;90317302;859983;8510653;903483;86730502;925311;86135501;9112085
915186;893988;853612;853612;853612;897374;894604;87880;87880;89143601;89511501;89864002;89827;89524;896839;899667;9012000;9011494;897630;893526;891923;893548;849014;849014;891670;88299702;881972;88206102;883263;888264;911296202;911296202;911296202;888570;877159;8711216;89812;89812;89812;869224;9111596;924632;8910499;84862001;908445;893526;913512;866458;893548;897880;888570;892399;87164;852763;884180;86355;8910251;911202;873701;91979701;90944601;846381;905539;8510653;911408;844359;848406;8812877;9113514;901041;923780;861799;9013005;875938;914102
909410;897132;853612;853612;853612;895299;892604;87880;87880;87880;891703;89296;88518501;88147101;883852;892189;895633;894855;89143602;857637;857637;8912284;89263202;892438;884626;8813129;88299702;88299702;8811842;884180;8910499;911296202;8910251;887181;87281702;871122;89812;89812;89812;86973701;9012568;9113239;915143;874373;8910506;8610862;87139402;924934;871149;914101;894604;909777;868223;91813702;881046502;863270;86561;922576;8911164;907915;901034302;897374;894326;871642;873843;9012000;887549;865128;913063;866674;85759902;895633;8710441;90745;8712729
909777;882488;894047;897137;853612;894329;8912909;87880;87880;87880;8912055;881861;903507;903507;903507;8811779;884689;88725602;8910748;857637;857637;857637;857637;887549;88143502;88299702;88299702;88299702;8812877;88249602;886776;88411702;88350402;881046502;8711803;8711202;871001501;8711003;86973702;863270;86135502;857810;8611792;911320501;917896;921385;889403;883539;897880;919537;84610002;9010258;8910988;925236;874217;867387;9012315;886452;8911800;854002;904302;9010872;88147202;875093;891936;89382601;871201;911384;892189;84667401;91376702;9110720;924084;86208;90291
859196;8710441;92751;89346;896864;892657;88466802;8910720;8911230;8912521;884437;8810955;903507;903507;903507;8811523;8812844;859717;886452;857637;857637;8910988;889719;885429;88147202;88299702;88299702;8812816;8810436;879830;878796;873586;8712729;8712289;871149;867387;866674;867739;865128;861598;8611161;899987;899987;861648;9112085;852763;9112085;914102;90439701;914366;8912280;904357;8860702;893548;859717;862028;869254;878796;858477;901836;911157302;8811842;865137;843786;908194;873593;911150;88649001;857374;91485;9111596;908489;85715;895299;866458
8710441;924964;862989;858981;8910996;879804;871001502;872113;875263;87930;87163;871642;877501;8810528;903507;8810987;859717;859717;859717;886226;889403;871201;871201;871201;88330202;8812818;877486;877989;875938;874839;87127;869476;892438;869254;868871;866458;915143;915143;86408;8611555;899987;899987;899987;8610862;865423;9113538;911366;921644;858986;897132;902727;874158;904302;901315;89511501;90769601;905520;894329;89524;8810436;8913;8812844;912193;8612399;877486;911916;892214;86409;869476;9047;864496;905189;871201;9013005;8912284
8710441;8710441;925311;907145;872608;864496;85922302;85922302;85922302;864726;87163;87163;868999;874158;875878;8810158;859717;859717;859717;88203002;871201;871201;871201;871201;88199202;874217;87556202;911296201;911296201;874858;8711561;892438;892438;892438;869104;915143;915143;915143;86409;86135501;8610908;899987;899987;8610629;842517;925622;925277;91789;9113778;8910996;922840;894089;8911800;9113538;907367;90769602;9113778;907145;895100;9111843;874373;90312;85638502;897604;871122;901028;861598;911654;90401601;877500;91504;873885;883852;879523;893988
8710441;8710441;924342;859711;901034301;862722;85922302;85922302;85922302;864033;87163;87163;87163;861103;848406;866083;879523;859717;877500;873701;883270;8860702;871201;883539;873592;897630;873843;911296201;911296201;911296201;873357;87106;892438;892438;868682;866203;915143;915143;86517;8612399;859465;8610175;859487;857010;925291;873593;873593;924084;861597;91227;919537;914580;915664;916221;882488;873885;913512;905680;914580;861648;905190;881861;887549;898431;874217;8913;8511133;898678;859465;90250;85922302;869691;912600;9113156;873843
922840;923748;924934;859471;85713702;921092;859471;85922302;85922302;864018;87163;87163;862261;843786;848406;844981;864877;87164;862717;857793;864729;873593;873885;8712853;897630;897630;8712064;874662;911296201;911296201;8712766;869691;892438;86730502;865432;86355;865468;86561;86208;854253;85382601;852763;854002;846381;924632;873593;873593;873593;91979701;871641;894335;9112712;911685;915452;911408;86408;862009;877989;88411702;90602302;92751;8611792;91376702;9010259;84862001;901088;915143;907145;848406;9013838;902976;904969;908445;8911834;885429
9113816;915186;8510824;872608;91805;92751;862722;921362;859464;862980;863031;863030;85713702;848406;848406;848406;873701;84610002;84610002;84610002;84610002;862965;886226;886226;897630;897630;897630;87139402;874373;8710441;868223;866714;865137;8612080;859283;8610404;862028;86211;857155;8510653;885429;885429;885429;844359;924934;922297;873593;873593;922296;914333;9112085;889719;889719;908489;915276;91544002;91813701;862485;901303;855138;894335;861648;8712853;906024;916799;89742801;88649001;88299702;884626;905502;911654;842302;8712766;864018;88466802
907145;907145;858970;903483;901034301;901034301;917092;84348301;855563;852973;852973;852973;85638502;848406;848406;848406;873701;873701;84610002;84610002;854039;886226;886226;886226;8670;897630;868202;869218;868826;8712766;8712766;864292;862009;8811842;8811842;8811842;85759902;857373;853201;8510426;885429;885429;885429;927241;916838;91813702;91903902;921644;916799;911654;9111596;889719;889719;889719;907367;91376701;924964;866083;853612;91903902;907914;862717;872608;87106;868826;844981;8711002;915452;923465;86135502;862028;883263;879804;9010877;854002
907145;907145;858477;905978;901034301;901034301;901034301;921092;84501001;852973;852973;852973;858477;84348301;922577;922840;873701;873701;873701;84610002;84610002;862548;886226;886226;859575;859575;859575;861853;864685;8712766;8712766;8712766;8610637;8811842;8811842;8811842;857374;853401;852781;8511133;84667401;885429;845636;921386;91544001;91504;915460;915940;913102;911320501;911202;9110720;889719;889719;88330202;9111843;862989;877501;915143;866714;877500;866203;919555;88350402;869224;84667401;894090;9112594;892438;865128;91505;897374;901549;903554;8913049
907145;915276;925236;894329;9113778;901034301;915186;921362;923169;852973;852973;856106;923465;917897;877500;877500;91903901;873701;84862001;84862001;84862001;84862001;85715;859983;859575;859575;859575;859575;862485;8712766;8712766;862989;859711;859196;8811842;857438;854268;8910988;8910988;84358402;926954;926682;919555;91550;914862;854002;854002;91376701;911408;911384;911320502;9112366;9111843;909411;881861;909220;922297;871122;859464;90401602;89511501;91903901;9013838;8913049;8911834;914062;91376701;88147101;868223;857010;88995002;9113846;89382601;889403;864018
8910720;89346;9010333;872113;897880;898143;9010333;9113514;871001502;905978;91805;856106;856106;856106;877500;877500;877500;918465;84862001;84862001;84862001;864877;864877;84799002;855138;859575;855167;84458202;852631;858986;858970;857343;855625;857156;857392;854941;8910988;8910988;8910988;926424;91485;912519;912558;914102;854002;854002;854002;913535;911391;844359;844359;9113239;911150;906616;905189;90524101;922840;9112712;9010598;926682;8813129;90524101;862261;922296;8711003;9110732;899667;911201;864877;865432;852973;911384;90312;8510824;921362
9010333;9010333;864726;864033;84348301;84348301;84348301;907409;875263;875263;875263;856106;856106;856106;877500;877500;9113778;864729;91813701;84862001;864877;864877;864877;922576;88649001;88649001;923780;852631;852631;925236;8610637;8610637;8610637;846226;925292;925311;84300903;8910988;8910988;91594602;9113156;895100;895100;912193;914580;854002;854002;912600;9113846;844359;844359;844359;9110732;9047;903516;903516;902975;861799;913063;922296;908916;891716;857810;862722;86517;923748;9113778;882488;89143601;861799;909231;8611161;91550;868999;925291
9010333;9010333;859196;862722;84348301;84348301;84348301;9013838;875263;875263;864496;9013838;856106;907409;863030;864729;864729;864729;864729;915691;864877;864877;917896;88649001;88649001;88649001;852631;852631;852631;923748;8610637;8610637;8610637;924964;86355;86355;86355;926125;91762702;911916;895100;895100;895100;911673;913505;914366;91227;9112594;9112367;844359;844359;9113455;906878;90439701;903516;903516;903516;904689;8712291;912600;91485;906616;898677;911391;897630;911320501;863030;912519;875878;911202;8811523;9010877;871001501;874662;851509
858970;859711;8910251;859464;864496;869254;871001502;88466802;855563;875263;875263;859471;843786;863030;863030;863030;862717;864729;864729;898143;854039;854039;854039;917080;88649001;88649001;852631;852631;91858;919537;924342;8510824;8610637;91930402;86355;86355;86355;91376702;9111805;909410;911157302;895100;895100;9110127;911201;908916;905501;9011495;905502;909231;9110944;909220;905557;90401602;903516;903516;903011;90401601;9013594;906024;8911670;925622;926424;8710441;9011971;897137;883270;857637;864726;9010598;898431;9013594;914062;877159;884180
894047;894329;903483;909411;907409;91858;922577;869218;9112712;923169;923465;843786;843786;863030;863030;859464;84458202;862717;862717;861853;854039;854039;854039;90745;911366;913063;916221;917092;887181;887181;915186;919812;917062;9113816;914769;86355;914062;90944601;9012000;9012000;908194;909445;908469;906539;905539;90251;86135502;86135502;86135502;901836;903554;901549;9012315;9013579;90250;902976;902727;9013005;842517;842517;9011494;9113156;859465;901288;873586;90944601;891670;911320502;909445;89869;88411702;886226;88199202;903507;859471
903483;903483;903483;9113514;874158;874158;874158;861103;84501001;84501001;905502;843786;843786;843786;863030;84458202;84458202;84458202;862717;862717;866083;88330202;854039;8670;8670;8670;9010018;903483;887181;887181;887181;907145;853401;853401;853401;913512;9113538;9012000;9012000;9012000;907914;905686;8912049;8912049;8912049;904302;86135502;86135502;86135502;898678;89864002;913505;913505;89827;89869;898690;9010877;901288;842517;842517;842517;881094802;917897;901303;8712064;862722;913505;8912909;86135501;899147;863031;908916;86211;872608;9012795
91805;917092;903483;9113778;874158;874158;904971;864018;84501001;84501001;84501001;917897;843786;915691;915691;84458202;84458202;84458202;862717;862717;88330202;88330202;88330202;8670;8670;8670;874158;894329;9010333;887181;887181;9113514;853401;853401;853401;908445;90769602;9012000;9012000;906564;904969;90317302;905520;8912049;8912049;904971;86135502;899187;897880;896864;913505;913505;913505;896839;89382602;893548;893988;9010598;842517;842517;903811;901315;857156;887181;857374;911366;87930;868871;875878;87281702;8953902;862989;885429;846226;895100
921092;858981;85713702;917897;919812;923465;923465;862261;874158;8811779;84501001;90745;915691;915691;915691;861853;861853;844981;84501001;857793;85638502;88330202;88330202;857793;8670;87164;869104;869104;869104;8910996;868826;892189;89742801;853401;906290;914769;914769;905680;905190;8612399;8612399;8612399;904357;8912049;8912049;904647;88725602;88466802;8812877;882488;8953902;913505;89813;894326;893061;911157302;892657;894855;9012568;901088;90291;884448;91805;919555;92751;922840;894329;858970;901011;911673;90251;861598;905502;899187;8810158
92751;92751;92751;923169;923465;923465;925291;9013838;9013838;855563;862980;877501;9011495;907367;915691;861853;861853;861853;91376701;857793;857793;857793;87164;87164;87164;862028;869104;869104;869104;8610404;8610404;855625;855625;8910251;914769;914769;914769;901011;897132;8612399;8612399;8612399;8910720;897137;89346;88147101;8810955;877486;877486;8810987;88203002;89511501;895299;893783;911157302;911157302;911157302;893526;89511502;901028;9010259;898431;875099;913102;857373;9013579;911408;86730502;854941;891670;899147;903011;91504;894604;89296
92751;92751;921362;905978;9112366;923465;90745;9013838;9013838;9013838;855563;91903901;844981;844981;869691;904302;861853;908489;866083;866083;857793;857793;87164;87164;87164;85382601;85382601;869104;8610404;8610404;8610404;855625;855625;855625;8912055;914769;899147;884948;884948;89296;8612399;886452;867739;867739;87930;9110732;874373;877486;877486;877486;8812818;884689;89122;8912909;891703;911157302;911157302;89344;89524;899667;873592;873592;901041;9111805;863030;8611792;884448;874158;85382601;88206102;857155;8812818;899987;88330202;9113239
921092;921092;9112712;905978;894604;898143;897880;907367;855563;855563;855563;881861;881861;844981;844981;85715;881861;866083;866083;866083;866083;857438;86730502;91903901;852763;85382601;85382601;85382601;8610404;8610404;89742801;89742801;855625;855625;88143502;888570;884948;884948;884948;894604;88518501;867739;867739;867739;86730502;9110732;9110732;879523;877486;877486;8812844;8910748;901288;8911230;8912280;89143601;892214;89382601;897374;873592;873592;873592;9010258;88147102;91544001;852552;854039;903554;89812;869931;91376701;899987;857810;9010333;869224
921092;921092;905539;905978;905978;9113778;9113778;88466802;90745;855563;905502;881861;881861;844981;87930;844981;85715;908489;908489;908489;908489;857438;86730502;86730502;86730502;86730502;85382601;85382601;858986;89742801;89742801;89742801;872608;875938;908445;908445;884437;884948;884948;886776;8811779;867739;867739;8811523;9110732;9110732;9110732;857438;879804;8810528;88147202;901288;901288;901288;8911800;887549;8911163;8910721;894089;873592;873592;897604;894618;883539;911150;906564;844359;857392;904647;901034301;857343;889719;89742801;88119002;91544002
921362;921362;925236;905978;884437;9113778;9113778;9113514;90745;90745;90745;911391;881861;87930;87930;87930;85715;85715;84799002;908489;857438;857438;845636;845636;845636;845636;84799002;9010018;9010018;858477;89742801;8710441;9113538;9113538;908445;908445;908445;86517;86517;8712729;857010;857010;857010;877501;85715;845636;855167;864018;873885;874662;8810436;884626;901288;901288;889403;88206102;88411702;88350402;8860702;8911670;895633;894090;892604;891716;9010872;898677;921386;917062;913535;895633;866203;868682;884689;90602302;911685
921362;921362;871001502;864496;872113;9113514;9113514;872608;882488;8910996;90317302;869691;911366;917062;877501;87930;85715;84799002;84799002;84799002;88725602;857438;857438;8812877;845636;86730502;9113239;9010018;9010018;9010018;858981;9113538;9113538;9113538;874858;908445;86517;86517;86517;8711561;857010;857010;857010;872113;894326;869254;869691;87127;887549;887549;874217;8810158;8813129;883852;881972;883270;8712289;8712289;8712289;884180;8911834;891923;891670;91762702;8915;901303;911391;90251;911296202;843786;903011;862965;8712064;868826;8912055
862722;862722;858981;859471;859471;864033;9113514;907409;907409;907409;869691;869691;917062;917062;877501;877501;85638502;85715;84799002;84799002;88725602;855167;8812877;8812877;8812877;845636;862028;909411;9010018;858986;917062;859196;9113538;864033;859711;861103;86517;86517;864685;927241;869218;857010;871149;868999;894326;894326;894326;871122;887549;887549;887549;87281702;8712291;8712853;874839;88147102;8712289;8712289;8712289;883263;888264;8912521;91762702;91762702;91762702;89263202;911384;9010018;925236;853201;881094802;854941;896864;864685;8911230
862722;862722;85713702;859471;859471;859471;872608;8811779;907409;8711561;901549;869691;869691;917062;877501;877501;91376701;85638502;855167;88725602;88725602;88725602;88203002;8812877;8812877;862028;862028;862028;858986;858986;858986;925236;858970;914062;914062;914062;8712729;8712729;927241;927241;927241;859283;916799;916799;865137;894326;894326;866714;8711003;887549;873357;869931;88206102;88206102;8712064;878796;88199202;8712289;88249602;8812816;879830;8910499;8913;91762702;91762702;901034302;9113846;89813;89813;8610908;903516;917896;8912284;8912049;892438
862722;871001502;858981;858477;862980;859464;923169;8812844;88466802;88203002;864018;864018;91903901;91376701;91376701;905520;85638502;85638502;85638502;855167;88725602;852763;859283;859283;91227;87930;862028;862028;858986;858986;915276;868826;91858;857155;914062;914062;8712729;8712729;8511133;927241;927241;916799;916799;916799;854253;859983;89122;89122;862980;868202;869224;88206102;88206102;88206102;868682;866674;87556202;877989;875878;871642;8711803;873843;881046502;8912284;8910506;90769601;91504;919812;88147102;865432;903507;91789;869476;87106;897132
871001502;871001502;85713702;922840;923169;923169;923169;88466802;88466802;88466802;905502;864018;864018;91903901;91376701;904357;9011495;85638502;852763;855167;855167;855167;859283;859283;859283;886452;859283;864685;8711561;904971;868826;868826;868826;8510824;914062;8712729;8712729;911654;854253;854253;91227;91594602;916799;91813701;909445;914366;89122;89122;89122;8610175;862485;865468;88206102;86973702;863270;862009;86208;865128;8711216;84300903;84300903;84300903;87139402;877159;90769601;905539;911320502;917080;862717;855563;852631;868682;87127;845636;87281702
871001502;85713702;85713702;864496;898143;917897;862261;868999;879804;9112366;905502;905502;905502;91903901;91376701;9011495;9011495;9011495;852763;852763;852763;859983;91227;91227;91227;886452;886452;917062;875938;863031;868826;868826;911366;88143502;904357;904647;90251;854253;854253;854253;9012315;909445;909445;905501;90524101;90524101;91903902;89122;8612080;84667401;901088;8510653;862548;862965;861799;919555;919555;86135501;86561;84300903;84300903;84300903;8711202;866203;871001501;86973701;865423;91544002;913505;9110944;911320502;8810528;9011494;903516;924934
858981;85713702;864496;915276;917092;917897;917897;909411;9112366;9112366;869218;88147101;864018;91903901;8912909;901836;9011495;9113239;9113239;852763;859983;859983;859983;91227;886452;886452;911654;875938;875938;875938;868223;875938;871149;8511133;8511133;8953902;8953902;9012315;854253;9012315;909445;909445;909445;89813;90524101;90524101;911202;855138;925622;901088;901088;901088;857373;861648;8611161;919555;919555;919555;863031;8711002;84300903;87106;868223;865432;867387;926424;926424;868871;855133;918465;901034302;873592;9112712;88350402;8711561
858981;894329;924964;917092;917092;917897;909411;909411;863031;9112366;861103;861103;861103;864685;864685;864685;9113239;9113239;9113239;914366;859983;91813701;91903902;916221;911654;911654;911654;9112085;875938;91504;862485;88143502;8511133;8511133;8511133;91594602;8953902;8953902;9012315;9012315;9012315;886452;8953902;90524101;90524101;896839;89869;911150;911384;901088;901088;916838;8611555;8611555;8611792;8610908;919555;859465;861597;864292;862989;862261;857343;857810;86409;926424;926424;926424;89143602;925291;8610637;856106;87930;911685;8610637
858981;894329;894329;917092;864033;864033;909411;862989;904971;911366;861103;861103;91858;864685;864685;905501;898678;904302;90251;904647;91903902;91903902;91903902;911202;911654;8810955;905501;91504;906290;913512;88143502;88143502;88143502;8511133;91594602;91594602;91594602;8953902;873885;879523;8810955;868202;8810528;8813129;892214;874217;90439701;9110127;916838;916838;913535;846381;8611555;8611555;8611555;861598;85759902;86208;86208;857374;925291;924632;926682;926682;8610862;866458;926424;869476;864726;917092;84358402;84358402;8910748;869104;84501001
925236;894329;924934;864033;872608;872608;904971;904971;911366;911366;91858;91858;91858;904357;905501;905501;905501;904647;904647;904647;855138;91903902;906539;855138;8810955;8810955;8810955;91504;91504;886776;913063;917080;88143502;857155;85759902;8612080;91594602;879523;879523;879523;896839;896839;896839;8810987;874217;874217;874217;907914;916838;916838;9110944;912600;925277;8611555;8611555;853201;86208;86208;86208;854268;922576;926682;926682;924084;852781;86211;86408;857392;906024;892399;9113156;87880;886452;8610629;911916
925236;925236;924342;864033;872608;8811779;8510824;904971;911366;8711561;8711561;868223;913512;913512;904357;904357;8810528;897137;904647;89511501;855138;855138;855138;91813701;8813129;8810955;899187;91504;892189;886776;886776;886776;915940;89813;89813;89813;859983;879523;873885;879523;896839;896839;881972;8860702;881972;874217;874217;906878;916838;906024;905557;91485;9111805;91376702;91485;91979701;8510426;86208;857156;926954;921386;926682;926682;921644;926125;84358402;925292;925311;873586;923169;8811779;8611161;909445;914333;875263
9112712;859464;922577;862261;8811779;8811779;923780;9113816;8711561;8711561;868223;868223;868223;913512;904357;868223;904302;871149;914366;914366;914366;91813701;91813701;8810987;8813129;8813129;8911800;903554;905680;908916;886776;906564;915940;914580;89813;89813;855138;873885;873885;873885;862548;881972;881972;8860702;8860702;8810436;8860702;889403;866674;866674;9013579;91485;91485;908194;883263;9113156;913102;91813702;915940;917896;916221;91789;919537;919812;922577;924964;89263202;89263202;846226;911685;91930402;868999;922297;8810955;911157302
9112712;859464;859464;862261;862261;8910251;9113816;9113816;892189;892189;892189;905190;899187;899187;913512;904302;904302;90251;857155;914366;8610175;8610175;91813701;8810987;8810987;8911800;862548;862548;905680;905680;905680;909231;915940;915940;89869;89869;911384;8610175;873885;865137;881972;881972;8860702;8860702;9110127;9110127;8911163;8911163;8911163;866674;866674;91485;91485;883263;883263;883263;911320502;866203;866203;911673;9011494;9011494;914580;915664;922297;89263202;89263202;89263202;924934;9110944;854253;9111805;84300903;88249602;925622
9112712;859464;907367;862261;8811779;8910251;919812;9113816;892189;8912055;905190;905190;917080;899187;899187;869254;904302;90251;857155;8610175;8610175;9113455;8813129;8810987;8813129;8911800;862548;862548;89864002;905190;905680;905686;915940;9113455;89869;89869;911384;911384;918465;925622;90439701;90439701;861597;9110127;9110127;9110127;8911163;8911163;888264;866674;866674;9010877;905189;883263;883263;909410;911201;866203;866203;911408;9011494;9011494;9011494;915460;91930402;923748;89263202;923780;921385;91505;914101;89143602;8810955;894335;89346
9112712;905539;907367;897880;897880;8910251;916221;88518501;8912055;8912055;8912055;905190;917080;917080;871149;871149;90251;90251;857155;857155;9113455;9113455;9113455;8810987;911320502;8911800;862548;922576;922576;922576;922576;893548;8912055;893548;89869;911320502;911384;911384;889403;889403;90439701;90439701;877989;862009;869224;874373;888264;8911163;877989;88147202;8911800;8912280;891703;9010598;90401601;9047;908469;866203;866203;9112367;912519;9011494;914102;91544001;91550;918465;922296;917080;9113816;899187;894047;912558;9011971;881046502;91858
907367;907367;862980;897880;8910996;8910251;911391;88518501;88518501;913063;88518501;903554;917080;85759902;871149;871149;8810528;8612080;8612080;89511501;857155;8610175;869224;911320502;911320502;911320502;854268;854268;909231;909231;909231;893548;893548;893548;896864;892214;892214;889403;889403;889403;91813702;90439701;877989;877989;877989;888264;888264;888264;8711003;865128;865128;898431;898431;884626;894618;894618;9010872;902976;901836;898678;903554;9112594;914333;91544002;926125;915452;91504;9113455;888570;888570;905520;9110127;865468;8910988;857156
862980;862980;862980;897880;8910996;8910996;869254;8912909;869254;869218;869218;863031;906539;905520;897137;906539;8810528;8810528;8612080;89511501;89511501;911202;911202;911202;883852;925622;854268;854268;862009;909231;874858;86135501;88518501;89296;894855;892214;892214;892214;911320501;912193;8810436;913102;8510426;877989;854268;922576;926954;888264;869931;865128;865128;898431;898431;8812818;901028;894618;894618;89382601;893548;879830;8912909;901549;912558;926125;926125;926125;913512;9112085;888570;888570;888570;915664;8911670;862965;9111596
91805;91805;898143;898143;8910996;90317302;90317302;901549;869254;869254;869218;863031;906539;897137;897137;898678;898678;8810528;8612080;89511501;8612080;914580;911202;88147202;925622;925622;925622;854268;862009;862009;86135501;86135501;86135501;905557;911150;911150;8911800;90401601;8810436;8810436;8810436;8912280;8912280;917896;926954;926954;926954;857156;865128;865128;8711002;8810158;898431;883270;898431;894618;894618;893526;879830;879830;879830;897137;912193;914862;926125;91505;913063;9111596;906539;888570;9111843;9110732;859717;89143601;8910721
864496;91805;898143;882488;868999;90317302;90317302;89827;901549;905520;905520;863031;869218;906539;897137;898678;898678;861597;865137;865137;914580;914580;914580;868202;868202;868202;8811523;874373;862009;862009;86135501;883270;915460;905557;911150;911150;893783;893526;9013579;8810436;8912280;8912280;8912280;9112594;926954;921386;915460;913535;8610908;86561;853201;866714;874858;8915;89524;901041;9010259;898690;8910996;879830;879830;89511501;905680;911685;914101;9113846;90944601;909220;909231;9112366;9012795;91903901;905557;84799002;914862
91805;864496;858477;868999;868999;911391;911391;901836;901549;901549;905520;863031;8912909;903554;903554;903554;874373;865137;865137;884626;869224;869224;865137;88147202;868202;868202;9112085;874858;874858;874858;915460;915460;915460;905557;913102;913102;913102;902976;902976;89827;902976;89382601;89382601;905557;911150;9111843;9110944;913535;914862;853201;853201;853201;871122;8912284;897604;881046502;881046502;899667;897374;88518501;883852;886776;897132;901011;90317302;906564;90769602;8711202;908916;911320501;91376702;861853;859487;858986;91762702
858477;858477;858477;882488;868999;88147101;911391;901836;901836;901836;8912909;8912909;861597;861597;874373;874373;874373;862485;884626;884626;862485;869224;869224;88147202;88147202;88147202;9112085;9112085;874858;8712064;921644;921644;921644;905557;869931;913102;902976;902976;8510426;8812816;89382601;89382601;89382601;897374;9010877;913535;913535;913535;912519;86135501;853201;853201;8811523;8913;893988;881046502;881046502;881046502;894855;89344;89296;896864;8610862;8610862;899147;905539;8711202;8711202;8711202;9110720;914366;867387;866083;868871;9012795
915186;915276;89346;882488;8812844;88147101;88147101;88147101;883852;898690;916221;861597;861597;85759902;85759902;911320501;862485;862485;862485;884626;896864;896864;908916;857156;857156;857156;9112085;862965;883270;8711003;921386;921644;8810158;869931;869931;869931;8711002;8510426;8510426;8510426;89382602;895299;914862;89344;9110944;898690;906878;907914;909220;921644;857374;861598;8812816;91930402;91930402;894089;881046502;89511502;892657;852781;89346;8610862;8610862;8610862;89827;905190;906616;8711202;8711202;875093;915452;87163;91544001;9010018;915940
915186;915276;915276;882488;8812844;8812844;922577;922577;883852;883852;916221;8811523;8811523;85759902;89864002;89864002;89864002;918465;918465;918465;896864;908916;908916;908916;857156;857156;883270;883270;883270;921386;921386;921386;86561;86561;893526;869931;8711002;8711002;8510426;884689;914862;914862;914862;9110944;9110944;9110944;89524;911408;91376702;91376702;84667401;884180;867387;8910506;91930402;891670;891923;891716;852781;852781;89143601;89382602;894604;8610862;89864002;904969;905686;906290;911391;9113514;927241;865468;85922302;90291;859196
915186;915186;859196;862989;894604;871642;922577;8812844;883852;905686;916221;8811523;8811523;85759902;913063;913063;89864002;906616;918465;857343;896864;8610908;8610908;8610908;8711003;925291;924084;925311;859465;917896;8610908;906878;86561;893526;893526;893526;8711002;8711002;884626;861598;909220;909220;8910748;89524;891703;867387;867387;911673;91376702;91376702;884180;884180;861648;88249602;91930402;91930402;8911834;852781;852781;852781;8912521;8912055;892189;895299;901034302;903011;904689;911916;9110720;91594602;8712291;909410;909220;898143;863031
859196;859196;858970;858970;894604;894604;8910720;919812;906290;906290;903011;857343;89296;89296;89296;913063;884689;8910748;866714;894855;8510653;8510653;8610908;8711003;8711003;9013579;9013579;9013579;917896;917896;906878;906878;86561;8812816;8812816;8812816;87139402;871642;906564;861598;861598;909220;8812818;89524;89524;867387;867387;905189;91376702;922297;8510653;884180;884180;87139402;884180;883539;88199202;88411702;8910499;8911230;8910748;8910251;8910720;893783;9013005;8711803;8711803;90401602;891936;91505;926125;894855;9011495;898690;88330202
859711;859196;858970;858970;862989;862989;8910720;919812;919812;906290;901011;857343;857343;89296;884689;884689;884689;866714;866714;871122;91813702;8510653;8810158;8711003;8810158;9112367;9013579;9112594;84667401;917896;907914;906878;86561;871122;8812816;8812818;89382602;89382602;906564;906564;861598;909220;88350402;89524;89143601;867387;9010872;9010872;912558;9111805;9111805;862965;86973702;873357;875878;84358402;877159;878796;88350402;884689;857392;857392;857392;892604;9013594;8711803;8711803;8711803;884448;924342;8915;853401;8610629;912519;9112366
859711;859711;8510824;894047;862989;8910720;884437;894604;906290;9113846;9111596;857343;859465;905686;905686;857374;857374;857374;866714;91813702;91813702;8510653;8810158;8810158;84667401;9112594;9112594;912193;90401601;907914;907914;907914;911408;912519;912519;8812818;89382602;89382602;869476;906564;861598;88411702;88199202;861648;8910499;9010872;9010872;9010598;9111805;9111805;9111805;8712853;878796;878796;87556202;84358402;84358402;84358402;88147102;884437;857392;857392;857392;893061;9012568;902975;8711803;903811;9012795;852781;88203002;924084;892657;879523;871641
859711;8510824;8510824;8510824;872113;884437;884437;884437;9113846;9113846;9110720;9111596;859465;859465;905686;912193;911320501;857374;8611161;911408;911408;911408;84667401;84667401;84667401;911685;9112594;922296;90401601;90401601;8510653;91813702;9010877;912519;912519;8812818;8812818;866714;90944601;874839;899667;899667;861648;861648;88249602;8915;9010872;902727;91979701;924632;925277;87281702;878796;878796;874662;874839;84358402;84358402;87127;8712064;88147101;882488;8812844;871001501;871642;895633;902727;891936;91903902;89344;864496;8911670;862261;9012315;861103
864726;872113;872113;89346;89346;8910720;91544002;88203002;9111843;9113846;9111596;9111596;859465;8712064;912193;912193;911320501;911320501;8611161;8611161;8611161;894855;894855;891703;914102;914102;914102;904689;90401601;912558;912558;912558;9010877;9010877;911673;86973702;86973702;90944601;90944601;90944601;899667;899667;861648;861648;8910506;905189;905189;9012568;908194;908194;908194;8712291;878796;873586;865468;865432;87106;869476;866458;864292;868682;857343;9113846;906616;901011;9110720;921385;913512;89864002;86211;869218;906290;858477;873701;894855
864726;864726;872113;89346;905539;892399;88203002;88203002;88203002;909777;9111843;9110720;8712064;8712064;862965;891703;891703;891703;871122;871122;871122;894855;904689;904689;901034302;88411702;923748;914102;924632;922297;912558;857374;9010877;911673;911673;86973702;86973702;88350402;88350402;871001501;86973701;86973701;873843;87556202;88147102;905189;905189;901028;911201;908194;908194;857373;8711216;8611792;861799;877159;8611161;859465;86211;846226;846226;921385;904969;899147;89143602;898677;868999;911916;857155;867739;88206102;89524;862548;90769602;91594602
894047;894047;924342;905539;905539;924934;925311;901315;925291;925291;9111843;90250;924084;862965;862965;862965;8712064;874839;874839;87139402;87139402;87139402;904689;901034302;88411702;88411702;88411702;90769602;88249602;88249602;88249602;901028;89344;8611161;911673;86973702;88147102;868682;88350402;857810;86973701;925292;8915;8915;87281702;8912284;8912521;893061;8711216;9013005;904689;902975;90769602;922296;877159;877159;924084;857810;846226;846226;846226;923780;903011;89143602;89143602;89143602;909777;917062;8912049;919812;911150;905686;901315;912600;902975
894047;924342;924342;875099;924934;924934;925311;892657;88199202;925291;9111843;924084;924084;922296;9112367;895299;9010598;89511502;89511502;874839;874839;87139402;901034302;901034302;871001501;857810;90401602;925292;8910499;88249602;901028;901028;901028;89344;89344;88147102;88147102;863270;88350402;868871;86973701;86973701;8915;8915;87281702;87281702;87281702;892657;8711216;8711216;89511502;895633;895633;90944601;877159;877159;925292;863270;86409;86408;846226;919537;90401602;897132;89143602;8913049;909777;925277;8911164;925311;89827;85382601;91979701;906878;894618
875099;864726;924964;879804;924964;879804;925311;88199202;88199202;88199202;9110720;924632;924632;922296;9112367;9112367;9010598;8910506;87127;89511502;90769602;90769602;89511502;871001501;857810;857810;925292;8910499;925292;922297;922297;922297;87556202;89344;9047;91505;88147102;857373;865432;911201;865432;87106;87127;8712853;87281702;875878;874662;8911834;8711216;8711216;899667;895633;895633;901034302;914102;859487;86973701;8911670;875093;873843;868871;8610629;911685;8911164;875093;9111596;9113816;855563;872113;89344;90250;905520;8712291;858970;893783
875099;875099;864292;924964;879804;864292;923748;893061;893061;893061;9110720;893061;924632;922296;897374;893783;9010598;91505;91505;91505;8912284;90769602;90401602;871001501;871001501;857810;8910499;8910499;902975;9010598;87556202;87556202;87556202;875878;9013005;9013005;902727;865432;865432;911201;911201;908469;8712853;8712853;8712853;911916;911916;911916;873586;8911230;892604;895633;9010259;901041;908469;846381;89143602;901303;865423;898677;894335;892399;907915;901315;924342;9112366;921385;887181;84458202;864292;875099;874858;90317302;905539;901088
892399;892399;898677;864292;879804;864292;923748;923780;923780;89143601;874662;874662;863270;863270;897374;897374;895299;9010259;9010259;9010259;8912284;8912284;8912284;90401602;90401602;8912521;8912521;9010259;91979701;91979701;91979701;8910506;8910506;875878;902727;9013005;9013005;921385;865432;911201;908469;908469;8712853;914333;914333;873357;911916;86409;866458;866458;866458;9010258;90291;906024;8611792;91789;894090;865423;865423;865423;90250;859487;894335;898677;909777;8810703;914862;854268;8611555;923780;8812816;897630;849014;8510426;892657
892399;898677;898677;922840;892657;871641;897132;923748;923780;89143601;874662;874662;893783;863270;897374;895299;8911230;873843;902975;902975;902975;898677;897132;892604;8912521;8912521;901041;901041;873357;873357;873357;8910506;875878;875878;902727;902727;857373;8911834;906024;909410;91550;908469;914333;914333;91979701;90291;86211;904969;866458;866458;8610629;894090;8611792;8611792;8611792;911916;884448;9012795;865423;865423;90312;871641;90312;8810703;8810703;914101;9112594;855133;8711202;905189;901028;91227;861597;925277;88466802
901315;909777;922840;922840;892657;892657;897132;897132;89143601;89143601;893783;893783;898690;863270;895299;869476;892604;892604;87106;921385;868871;86211;9010258;9010258;891936;9010258;894090;901041;894089;901041;873357;893988;883539;891716;857373;857373;857373;8911834;8911834;891923;909410;907915;91544001;9113156;91789;90291;90291;914101;918192;859487;846381;891670;9047;8611792;9112367;9113156;918192;8910721;9010258;90291;918192;8913049;8810703;8810703;8810703;907915;9112367;904971;906539;925292;8711202;915276;8811779;856106;877159
901315;909777;909777;919537;919537;91544002;91544002;86408;868682;911685;911685;8910748;898690;898690;903011;869476;869476;869476;892604;904969;904969;904969;9010258;86211;914101;86409;86409;86409;891670;891670;891670;9047;9047;9047;865468;865468;865468;8911834;891923;891923;909410;9013594;9113156;9113156;9113156;90291;86408;864292;846381;846381;846381;893988;9013594;909410;914333;90312;90312;915664;881094802;90769601;8610629;8911164;901315;8810703;8810703;892399;911201;875099;874662;896839;912558;8810703;922577;9012568;859283
901315;871641;891936;90250;919537;91544002;91789;91789;868682;868682;89827;89827;8910748;8910748;873843;873843;899147;899147;899147;899147;875093;8913049;86211;86211;8610629;914101;86409;873586;891670;906024;906024;883539;883539;883539;865468;9013594;9013594;9013594;8913;891923;909410;903811;8712291;919537;925277;861799;861799;861799;846381;884448;891923;8911670;8911670;903811;90312;90312;90312;914101;91550;8913049;894047;854941;855133;881094802;875099;907915;851509;9110944;91505;88199202;891923;901034301;906564;87139402;8612080
871641;891936;891936;90250;90769601;90769601;91789;91544001;868682;911685;906616;89827;906616;906616;8911230;873843;901011;901011;901011;875093;875093;875093;894335;894335;894335;914101;873586;873586;873586;906024;891716;894089;894089;894089;884448;897604;903811;903811;903811;90769601;915664;915664;8712291;8712291;8712291;865468;861799;861799;8910721;8913;897604;8911670;8911670;915452;91544002;91505;907915;90250;894335;875099;871641;879804;8911164;891936;8913049;914333;888570;86973702;90439701;912558;874839;9012000;879830;868202;915691
854941;871641;907915;86408;90250;90769601;91544001;91544001;91550;893988;87127;87106;87106;8911230;921385;871642;871642;871642;868871;8913049;8913049;8911164;894335;918192;8610629;8610629;859487;859487;894090;894090;891716;897604;897604;8913;925277;925277;925277;8910721;8910721;901303;901303;915664;854941;8712291;912600;9012568;9012568;883539;915452;915452;894089;8911670;912600;9012795;9012795;91544001;901315;881094802;881094802;892399;854941;855133;855133;855133;918192;916799;852552;926954;921644;9113816;8610862;866674;86409;864877;914366
854941;854941;86408;86408;907915;907915;91550;91550;893988;893988;87127;87127;87106;8911230;921385;903011;903011;868871;868871;8913049;8911164;8911164;8911164;918192;918192;8610629;854941;859487;859487;894090;891716;897604;8913;8913;884448;884448;884448;8910721;8910721;901303;901303;915664;871641;912600;912600;912600;9012568;9012568;915452;915452;891716;901303;9012795;9012795;9012795;90769601;881094802;881094802;881094802;891936;864726;855133;855133;855133;875099;91789;871149;908469;914769;873586;89296;8810987;881972;84348301;8610908
